team_id,equipo,titular_player_id,puntaje_techo,es_capitan
9001,EQUIPO EJEMPLO A,5001,2.5,1
9001,EQUIPO EJEMPLO A,5002,3.0,0
9001,EQUIPO EJEMPLO A,5003,3.5,0
9001,EQUIPO EJEMPLO A,5004,3.0,0
9001,EQUIPO EJEMPLO A,5005,2.5,0
9001,EQUIPO EJEMPLO A,5006,3.0,0
9001,EQUIPO EJEMPLO A,5007,4.0,0
9001,EQUIPO EJEMPLO A,5008,2.5,0
9001,EQUIPO EJEMPLO A,5009,3.5,0
9001,EQUIPO EJEMPLO A,5010,3.0,0
9001,EQUIPO EJEMPLO A,5011,4.5,0
9002,EQUIPO EJEMPLO B,5012,3.0,1
9002,EQUIPO EJEMPLO B,5013,3.5,0
9002,EQUIPO EJEMPLO B,5014,2.5,0
9002,EQUIPO EJEMPLO B,5015,3.0,0
9002,EQUIPO EJEMPLO B,5016,4.0,0
9002,EQUIPO EJEMPLO B,5017,3.0,0
9002,EQUIPO EJEMPLO B,5018,2.5,0
9002,EQUIPO EJEMPLO B,5019,3.5,0
9002,EQUIPO EJEMPLO B,5020,3.0,0
9002,EQUIPO EJEMPLO B,5021,2.5,0
9002,EQUIPO EJEMPLO B,5022,5.0,0
